{
    "HeadPart": {
        "FrictionCoeff": 0.4000000059604645,
        "Gravity": 9.800000190734863,
        "Mass": 10.0,
        "Scale": [
            4.5,
            4.5,
            4.5
        ],
        "SpeedThreshold": 0.004999999888241291
    }
}
