{
    "HeavyPart": {
        "FrictionCoeff": 0.42500001192092896,
        "Gravity": 9.800000190734863,
        "Mass": 20.0,
        "Scale": [
            12.0,
            2.0,
            12.0
        ]
    }
}
