{
    "HeavyPart": {
        "FrictionCoeff": 0.6000000238418579,
        "Gravity": 9.800000190734863,
        "Mass": 22.916000366210938,
        "Scale": [
            10.0,
            2.0,
            10.0
        ]
    }
}
