{
  "InputInfo": {
    "IndexAddValue": 0.10000000149011612,
    "InputRatio": 0.10000000149011612
  }
}
