{
    "InputInfo": {
        "IndexAddValue": 0.07500000298023224,
        "InputRatio": 0.09000000357627869
    }
}
