{
    "LightPart": {
        "FrictionCoeff": 0.10000000149011612,
        "Gravity": 9.800000190734863,
        "Mass": 7.5,
        "Scale": [
            6.0,
            2.0,
            6.0
        ]
    }
}
