{
    "LightPart": {
        "FrictionCoeff": 0.4000000059604645,
        "Gravity": 9.800000190734863,
        "Mass": 8.0,
        "Scale": [
            7.0,
            2.0,
            7.0
        ]
    }
}
