{
    "LightPart": {
        "FrictionCoeff": 0.3499999940395355,
        "Gravity": 9.800000190734863,
        "Mass": 10.0,
        "Scale": [
            6.0,
            2.0,
            6.0
        ]
    }
}
