{
    "LightPart": {
        "FrictionCoeff": 0.30000001192092896,
        "Gravity": 9.800000190734863,
        "Mass": 7.5,
        "Scale": [
            4.0,
            2.0,
            4.0
        ]
    }
}
