{
    "MediumPart": {
        "FrictionCoeff": 0.30000001192092896,
        "Gravity": 9.800000190734863,
        "Mass": 10.0,
        "Scale": [
            6.0,
            2.0,
            6.0
        ]
    }
}
