{
    "MediumPart": {
        "FrictionCoeff": 0.42500001192092896,
        "Gravity": 9.800000190734863,
        "Mass": 10.0,
        "Scale": [
            9.0,
            2.0,
            9.0
        ]
    }
}
